{
    "correct": {
        "0.5": 0.8873239436619719,
        "0.562875": 0.8865248226950354,
        "0.68605": 0.8857142857142857,
        "0.740675": 0.8848920863309353,
        "0.81415": 0.8913043478260869,
        "0.8483499999999999": 0.8978102189781022,
        "0.880925": 0.8970588235294118,
        "0.9108750000000001": 0.8962962962962963,
        "0.9425": 0.9029850746268657,
        "0.950725": 0.9022556390977443,
        "0.964975": 0.9090909090909091,
        "0.96875": 0.916030534351145,
        "0.97035": 0.9153846153846154,
        "0.976175": 0.9147286821705426,
        "0.9781500000000001": 0.9140625,
        "0.9792000000000001": 0.9133858267716536,
        "0.9836": 0.9126984126984127,
        "0.98455": 0.92,
        "0.984675": 0.9274193548387096,
        "0.98545": 0.926829268292683,
        "0.98685": 0.9262295081967213,
        "0.9871000000000001": 0.9256198347107438,
        "0.989175": 0.925,
        "0.9894750000000001": 0.9243697478991597,
        "0.989725": 0.923728813559322,
        "0.99": 0.9230769230769231,
        "0.9906250000000001": 0.9224137931034483,
        "0.9919": 0.9217391304347826,
        "0.993125": 0.9210526315789473,
        "0.993325": 0.9203539823008849,
        "0.993925": 0.9196428571428571,
        "0.9942500000000001": 0.918918918918919,
        "0.9945250000000001": 0.9181818181818182,
        "0.99515": 0.9174311926605505,
        "0.99525": 0.9166666666666666,
        "0.9957": 0.9158878504672897,
        "0.996225": 0.9150943396226415,
        "0.9964": 0.9142857142857143,
        "0.996475": 0.9134615384615384,
        "0.9966250000000001": 0.9223300970873787,
        "0.996675": 0.9207920792079208,
        "0.9967250000000001": 0.92,
        "0.997075": 0.9191919191919192,
        "0.997125": 0.9166666666666666,
        "0.997225": 0.9157894736842105,
        "0.99735": 0.9148936170212766,
        "0.997375": 0.9139784946236559,
        "0.99755": 0.9239130434782609,
        "0.9976": 0.9340659340659341,
        "0.997625": 0.9333333333333333,
        "0.99765": 0.9325842696629213,
        "0.9976750000000001": 0.9318181818181818,
        "0.997725": 0.9310344827586207,
        "0.9978": 0.9302325581395349,
        "0.998025": 0.9411764705882353,
        "0.9981": 0.9397590361445783,
        "0.998125": 0.9506172839506173,
        "0.998175": 0.95,
        "0.9982": 0.9493670886075949,
        "0.998275": 0.9487179487179487,
        "0.9983": 0.9473684210526315,
        "0.998325": 0.9459459459459459,
        "0.9983500000000001": 0.9444444444444444,
        "0.9984500000000001": 0.9436619718309859,
        "0.998475": 0.9420289855072463,
        "0.9985250000000001": 0.9411764705882353,
        "0.998575": 0.9402985074626866,
        "0.9986": 0.9538461538461539,
        "0.99865": 0.95,
        "0.9987": 0.9482758620689655,
        "0.9987250000000001": 0.9473684210526315,
        "0.99875": 0.9464285714285714,
        "0.998775": 0.9636363636363636,
        "0.998875": 0.9803921568627451,
        "0.9989": 0.98,
        "0.99895": 0.9795918367346939,
        "0.999": 0.9787234042553191,
        "0.99915": 0.9777777777777777,
        "0.999175": 0.9772727272727273,
        "0.9992000000000001": 0.9767441860465116,
        "0.999225": 0.9761904761904762,
        "0.99925": 0.975,
        "0.999275": 0.9743589743589743,
        "0.9993000000000001": 0.9736842105263158,
        "0.999325": 0.9714285714285714,
        "0.99935": 0.9696969696969697,
        "0.999375": 0.96875,
        "0.999425": 0.967741935483871,
        "0.99945": 0.9655172413793104,
        "0.999475": 0.96,
        "0.999525": 0.9565217391304348,
        "0.99955": 0.9545454545454546,
        "0.9995750000000001": 0.9473684210526315,
        "0.999625": 0.9411764705882353,
        "0.99965": 1.0,
        "0.999825": 0.0
    },
    "incorrect": {
        "0.5": 0.9693877551020408,
        "0.72775": 0.9690721649484536,
        "0.865": 0.96875,
        "0.9520500000000001": 0.968421052631579,
        "0.9684": 0.9680851063829787,
        "0.9777": 0.967741935483871,
        "0.986775": 0.9782608695652174,
        "0.9921": 0.978021978021978,
        "0.992875": 0.9777777777777777,
        "0.99385": 0.9775280898876404,
        "0.994275": 0.9772727272727273,
        "0.9945": 0.9770114942528736,
        "0.9956750000000001": 0.9767441860465116,
        "0.997325": 0.9882352941176471,
        "0.997475": 0.9880952380952381,
        "0.99755": 0.9879518072289156,
        "0.9979750000000001": 0.9878048780487805,
        "0.9982": 0.9876543209876543,
        "0.99875": 0.9873417721518988,
        "0.99945": 0.9871794871794872,
        "0.999475": 0.987012987012987,
        "0.9995": 0.9868421052631579,
        "0.9996750000000001": 0.9864864864864865,
        "0.999725": 0.9863013698630136,
        "0.9997750000000001": 0.9861111111111112,
        "0.9998": 0.9859154929577465,
        "0.99985": 0.9855072463768116,
        "0.9998750000000001": 0.9850746268656716,
        "0.9999": 0.984375,
        "0.999925": 0.9836065573770492,
        "0.99995": 0.9814814814814815,
        "0.9999750000000001": 0.9767441860465116
    }
}
