{
    "correct": {
        "0.5": 0.9354838709677419,
        "0.6415": 0.9405405405405406,
        "0.7423": 0.9456521739130435,
        "0.842625": 0.9453551912568307,
        "0.882825": 0.9505494505494505,
        "0.939025": 0.9502762430939227,
        "0.941725": 0.9555555555555556,
        "0.946725": 0.9608938547486033,
        "0.9584": 0.9662921348314607,
        "0.9614": 0.9717514124293786,
        "0.9819": 0.9715909090909091,
        "0.986925": 0.9714285714285714,
        "0.9878": 0.9712643678160919,
        "0.989075": 0.9710982658959537,
        "0.994125": 0.9709302325581395,
        "0.9941500000000001": 0.9766081871345029,
        "0.99465": 0.9764705882352941,
        "0.9951000000000001": 0.9763313609467456,
        "0.995275": 0.9761904761904762,
        "0.9963": 0.9760479041916168,
        "0.9977750000000001": 0.9759036144578314,
        "0.998375": 0.9757575757575757,
        "0.9986250000000001": 0.975609756097561,
        "0.998675": 0.9754601226993865,
        "0.99895": 0.9814814814814815,
        "0.9991000000000001": 0.9813664596273292,
        "0.9992000000000001": 0.98125,
        "0.999225": 0.9811320754716981,
        "0.9993000000000001": 0.9810126582278481,
        "0.999325": 0.9808917197452229,
        "0.99935": 0.9807692307692307,
        "0.9994000000000001": 0.9806451612903225,
        "0.999425": 0.9805194805194806,
        "0.99945": 0.9803921568627451,
        "0.999475": 0.9802631578947368,
        "0.999625": 0.9798657718120806,
        "0.9996750000000001": 0.9794520547945206,
        "0.99975": 0.9793103448275862,
        "0.9998": 0.9791666666666666,
        "0.999825": 0.9790209790209791,
        "0.99985": 0.9784172661870504,
        "0.9999": 0.9776119402985075,
        "0.999925": 0.9765625,
        "0.99995": 0.9761904761904762,
        "0.9999750000000001": 0.9743589743589743
    },
    "incorrect": {
        "0.5": 0.9583333333333334,
        "0.514825": 0.958041958041958,
        "0.568025": 0.9577464788732394,
        "0.700925": 0.9645390070921985,
        "0.7010000000000001": 0.9714285714285714,
        "0.942825": 0.9712230215827338,
        "0.952075": 0.9710144927536232,
        "0.952625": 0.9781021897810219,
        "0.97715": 0.9779411764705882,
        "0.9807250000000001": 0.9851851851851852,
        "0.9876": 0.9850746268656716,
        "0.98905": 0.9924812030075187,
        "0.9896": 0.9924242424242424,
        "0.997425": 0.9923664122137404,
        "0.998": 1.0
    }
}