{
    "correct": {
        "0.5": 0.8771626297577855,
        "0.507225": 0.878682842287695,
        "0.522025": 0.8784722222222222,
        "0.5332749999999999": 0.88,
        "0.578325": 0.8815331010452961,
        "0.592575": 0.8830715532286213,
        "0.592775": 0.8828671328671329,
        "0.599775": 0.8844133099824869,
        "0.6161": 0.8859649122807017,
        "0.6581": 0.8875219683655536,
        "0.673225": 0.8873239436619719,
        "0.686975": 0.8888888888888888,
        "0.696775": 0.8886925795053003,
        "0.69765": 0.8902654867256637,
        "0.697875": 0.8900709219858156,
        "0.698375": 0.8916518650088809,
        "0.7021": 0.8932384341637011,
        "0.706825": 0.8948306595365418,
        "0.7288250000000001": 0.8946428571428572,
        "0.739225": 0.8944543828264758,
        "0.746425": 0.8942652329749103,
        "0.753625": 0.895870736086176,
        "0.79025": 0.8974820143884892,
        "0.8468249999999999": 0.8990990990990991,
        "0.8497250000000001": 0.9007220216606499,
        "0.85025": 0.9005424954792043,
        "0.8538250000000001": 0.9003623188405797,
        "0.87445": 0.9001814882032668,
        "0.8826750000000001": 0.9,
        "0.89075": 0.8998178506375227,
        "0.895775": 0.9014598540145985,
        "0.899875": 0.9012797074954296,
        "0.9057": 0.9029304029304029,
        "0.90695": 0.9045871559633027,
        "0.9149750000000001": 0.9044117647058824,
        "0.922": 0.9060773480662984,
        "0.92235": 0.9059040590405905,
        "0.923": 0.9057301293900185,
        "0.9236500000000001": 0.9055555555555556,
        "0.93655": 0.9053803339517625,
        "0.9373750000000001": 0.9070631970260223,
        "0.9445749999999999": 0.9087523277467412,
        "0.95035": 0.9085820895522388,
        "0.9512": 0.908411214953271,
        "0.9518500000000001": 0.9101123595505618,
        "0.9571000000000001": 0.9118198874296435,
        "0.9603": 0.9116541353383458,
        "0.9637249999999999": 0.911487758945386,
        "0.966": 0.9113207547169812,
        "0.9666250000000001": 0.9111531190926276,
        "0.96685": 0.9128787878787878,
        "0.967975": 0.9127134724857685,
        "0.9680500000000001": 0.9125475285171103,
        "0.9687250000000001": 0.9123809523809524,
        "0.969825": 0.9122137404580153,
        "0.971275": 0.9120458891013384,
        "0.973875": 0.9118773946360154,
        "0.974575": 0.9136276391554703,
        "0.975175": 0.9134615384615384,
        "0.97695": 0.9132947976878613,
        "0.9781500000000001": 0.9131274131274131,
        "0.9782": 0.9129593810444874,
        "0.9796": 0.9147286821705426,
        "0.98095": 0.9145631067961165,
        "0.9816750000000001": 0.9163424124513618,
        "0.981875": 0.9181286549707602,
        "0.982375": 0.91796875,
        "0.985425": 0.9197651663405088,
        "0.9859500000000001": 0.9215686274509803,
        "0.9874750000000001": 0.9233791748526523,
        "0.987975": 0.9251968503937008,
        "0.990125": 0.9250493096646942,
        "0.9904": 0.924901185770751,
        "0.991625": 0.9247524752475248,
        "0.991925": 0.9246031746031746,
        "0.992075": 0.9244532803180915,
        "0.992575": 0.9262948207171314,
        "0.9932000000000001": 0.9261477045908184,
        "0.993975": 0.928,
        "0.9944": 0.929718875502008,
        "0.9946": 0.9295774647887324,
        "0.99495": 0.9314516129032258,
        "0.9949749999999999": 0.9313131313131313,
        "0.9954000000000001": 0.9331983805668016,
        "0.99565": 0.9330628803245437,
        "0.995725": 0.9329268292682927,
        "0.996225": 0.9327902240325866,
        "0.996275": 0.9346938775510204,
        "0.99665": 0.9366053169734151,
        "0.997125": 0.9364754098360656,
        "0.99725": 0.9363449691991786,
        "0.997525": 0.9362139917695473,
        "0.99755": 0.9381443298969072,
        "0.9977": 0.937888198757764,
        "0.998025": 0.9377593360995851,
        "0.998075": 0.9376299376299376,
        "0.998175": 0.9375,
        "0.9982": 0.9373695198329853,
        "0.998325": 0.9372384937238494,
        "0.998475": 0.9371069182389937,
        "0.99855": 0.9368421052631579,
        "0.99885": 0.9367088607594937,
        "0.9989": 0.9365750528541226,
        "0.99895": 0.9402985074626866,
        "0.998975": 0.9401709401709402,
        "0.99905": 0.9400428265524625,
        "0.9991000000000001": 0.9399141630901288,
        "0.999175": 0.9396551724137931,
        "0.999325": 0.9393939393939394,
        "0.99935": 0.9391304347826087,
        "0.9994000000000001": 0.9389978213507625,
        "0.999425": 0.9406593406593406,
        "0.999475": 0.9405286343612335,
        "0.9995": 0.9401330376940134,
        "0.999525": 0.9397321428571429,
        "0.99955": 0.9395973154362416,
        "0.9995750000000001": 0.9393258426966292,
        "0.9996": 0.9389140271493213,
        "0.999625": 0.9386363636363636,
        "0.99965": 0.9384965831435079,
        "0.9996750000000001": 0.9406392694063926,
        "0.9997": 0.9402298850574713,
        "0.999725": 0.9444444444444444,
        "0.99975": 0.9437939110070258,
        "0.9998": 0.9435294117647058,
        "0.999825": 0.9428571428571428,
        "0.99985": 0.941747572815534,
        "0.9998750000000001": 0.9429280397022333,
        "0.9999": 0.9438775510204082,
        "0.999925": 0.948051948051948,
        "0.99995": 0.946949602122016,
        "0.9999750000000001": 0.9498525073746312
    },
    "incorrect": {
        "0.5": 0.9137931034482759,
        "0.513475": 0.9164265129682997,
        "0.52105": 0.9161849710982659,
        "0.53575": 0.9159420289855073,
        "0.586975": 0.9156976744186046,
        "0.611925": 0.9154518950437318,
        "0.622025": 0.9181286549707602,
        "0.683425": 0.9178885630498533,
        "0.68375": 0.9176470588235294,
        "0.692325": 0.9203539823008849,
        "0.698025": 0.9201183431952663,
        "0.708": 0.9198813056379822,
        "0.73275": 0.9226190476190477,
        "0.745325": 0.9223880597014925,
        "0.7783": 0.9221556886227545,
        "0.78335": 0.9219219219219219,
        "0.791725": 0.9246987951807228,
        "0.8145": 0.9244712990936556,
        "0.8197000000000001": 0.9242424242424242,
        "0.8249500000000001": 0.9270516717325228,
        "0.825375": 0.926829268292683,
        "0.82995": 0.926605504587156,
        "0.8376250000000001": 0.9263803680981595,
        "0.8465": 0.9261538461538461,
        "0.850925": 0.9259259259259259,
        "0.856125": 0.9256965944272446,
        "0.8787": 0.9254658385093167,
        "0.883875": 0.9252336448598131,
        "0.8875": 0.928125,
        "0.88965": 0.9310344827586207,
        "0.90985": 0.9339622641509434,
        "0.916625": 0.9337539432176656,
        "0.918775": 0.9335443037974683,
        "0.925875": 0.9333333333333333,
        "0.9318500000000001": 0.9331210191082803,
        "0.937775": 0.9361022364217252,
        "0.9451": 0.9358974358974359,
        "0.9465": 0.9356913183279743,
        "0.952075": 0.9354838709677419,
        "0.952125": 0.9352750809061489,
        "0.960025": 0.935064935064935,
        "0.9618500000000001": 0.9381107491856677,
        "0.9659500000000001": 0.9379084967320261,
        "0.96635": 0.9377049180327869,
        "0.971125": 0.9407894736842105,
        "0.9759500000000001": 0.9438943894389439,
        "0.9761": 0.9437086092715232,
        "0.976175": 0.946843853820598,
        "0.976225": 0.9466666666666667,
        "0.977075": 0.9464882943143813,
        "0.977625": 0.9463087248322147,
        "0.978375": 0.9461279461279462,
        "0.9800500000000001": 0.9493243243243243,
        "0.9802500000000001": 0.9525423728813559,
        "0.9813000000000001": 0.9523809523809523,
        "0.981725": 0.9556313993174061,
        "0.9832000000000001": 0.958904109589041,
        "0.9838": 0.9587628865979382,
        "0.98475": 0.9586206896551724,
        "0.9857": 0.9584775086505191,
        "0.9859249999999999": 0.9583333333333334,