{
    "correct": {
        "0.5": 0.8915094339622641,
        "0.5294": 0.8936170212765957,
        "0.5387": 0.8957345971563981,
        "0.579525": 0.8954869358669834,
        "0.5971": 0.8976190476190476,
        "0.60035": 0.8997613365155132,
        "0.61325": 0.9019138755980861,
        "0.66355": 0.9040767386091128,
        "0.6835": 0.90625,
        "0.721875": 0.9060240963855422,
        "0.732375": 0.9082125603864735,
        "0.7497": 0.9079903147699758,
        "0.7603500000000001": 0.9101941747572816,
        "0.76405": 0.9099756690997567,
        "0.76865": 0.9121951219512195,
        "0.770725": 0.9119804400977995,
        "0.7724500000000001": 0.9117647058823529,
        "0.7836000000000001": 0.9115479115479116,
        "0.7854": 0.9137931034482759,
        "0.7941750000000001": 0.9135802469135802,
        "0.8116": 0.9133663366336634,
        "0.8201499999999999": 0.913151364764268,
        "0.878225": 0.9129353233830846,
        "0.880375": 0.912718204488778,
        "0.886225": 0.9125,
        "0.897625": 0.9122807017543859,
        "0.89895": 0.9120603015075377,
        "0.9015": 0.9143576826196473,
        "0.919875": 0.9141414141414141,
        "0.92065": 0.9164556962025316,
        "0.920825": 0.916243654822335,
        "0.937925": 0.916030534351145,
        "0.940525": 0.9183673469387755,
        "0.942625": 0.9181585677749361,
        "0.9504": 0.9205128205128205,
        "0.9544250000000001": 0.9203084832904884,
        "0.9625250000000001": 0.9201030927835051,
        "0.96465": 0.9198966408268734,
        "0.965825": 0.9222797927461139,
        "0.9704": 0.9246753246753247,
        "0.9717": 0.9270833333333334,
        "0.97455": 0.9295039164490861,
        "0.9764": 0.9293193717277487,
        "0.980225": 0.931758530183727,
        "0.9813000000000001": 0.9315789473684211,
        "0.9828749999999999": 0.9313984168865436,
        "0.98355": 0.9338624338624338,
        "0.983875": 0.9336870026525199,
        "0.984075": 0.9361702127659575,
        "0.984675": 0.9386666666666666,
        "0.9847250000000001": 0.9385026737967914,
        "0.9848": 0.938337801608579,
        "0.985225": 0.9408602150537635,
        "0.9853000000000001": 0.9407008086253369,
        "0.9862": 0.9432432432432433,
        "0.986275": 0.94579945799458,
        "0.9874750000000001": 0.9456521739130435,
        "0.9881500000000001": 0.9455040871934605,
        "0.991075": 0.9453551912568307,
        "0.99135": 0.9452054794520548,
        "0.9915750000000001": 0.945054945054945,
        "0.99335": 0.9449035812672176,
        "0.994025": 0.9447513812154696,
        "0.994225": 0.9445983379501385,
        "0.994675": 0.9444444444444444,
        "0.99475": 0.9442896935933147,
        "0.99495": 0.946927374301676,
        "0.9949749999999999": 0.9467787114845938,
        "0.99505": 0.9466292134831461,
        "0.9956": 0.9464788732394366,
        "0.9957": 0.9463276836158192,
        "0.995725": 0.9488636363636364,
        "0.995925": 0.9514285714285714,
        "0.996": 0.9512893982808023,
        "0.9965250000000001": 0.9511494252873564,
        "0.9966": 0.9538904899135446,
        "0.9967250000000001": 0.953757225433526,
        "0.99675": 0.9536231884057971,
        "0.996775": 0.9534883720930233,
        "0.997175": 0.9533527696793003,
        "0.9972000000000001": 0.9532163742690059,
        "0.99725": 0.9530791788856305,
        "0.997425": 0.9529411764705882,
        "0.99745": 0.9557522123893806,
        "0.997525": 0.9556213017751479,
        "0.997625": 0.9554896142433235,
        "0.9976750000000001": 0.9553571428571429,
        "0.9981": 0.9552238805970149,
        "0.998225": 0.9550898203592815,
        "0.9982500000000001": 0.954954954954955,
        "0.9983": 0.9548192771084337,
        "0.9984": 0.9545454545454546,
        "0.9984500000000001": 0.9544072948328267,
        "0.998475": 0.9542682926829268,
        "0.9985250000000001": 0.9541284403669725,
        "0.99855": 0.9539877300613497,
        "0.998575": 0.9535603715170279,
        "0.9986250000000001": 0.956386292834891,
        "0.9987": 0.9592476489028213,
        "0.9987250000000001": 0.9591194968553459,
        "0.9988": 0.9589905362776026,
        "0.9988250000000001": 0.9619047619047619,
        "0.998875": 0.9616613418530351,
        "0.9989": 0.9615384615384616,
        "0.9989250000000001": 0.9612903225806452,
        "0.999": 0.9611650485436893,
        "0.999025": 0.9607843137254902,
        "0.99905": 0.9606557377049181,
        "0.999075": 0.9636963696369637,
        "0.9991000000000001": 0.9634551495016611,
        "0.999125": 0.9632107023411371,
        "0.999175": 0.9630872483221476,
        "0.999275": 0.9628378378378378,
        "0.9993000000000001": 0.9625850340136054,
        "0.999325": 0.9623287671232876,
        "0.99935": 0.9619377162629758,
        "0.999375": 0.9611307420494699,
        "0.9994000000000001": 0.9605734767025089,
        "0.99945": 0.9602888086642599,
        "0.999525": 0.96,
        "0.99955": 0.9597069597069597,
        "0.9995750000000001": 0.9595588235294118,
        "0.9996": 0.9592592592592593,
        "0.999625": 0.9588014981273408,
        "0.99965": 0.9581749049429658,
        "0.9996750000000001": 0.9576923076923077,
        "0.9997": 0.9575289575289575,
        "0.999725": 0.9568627450980393,
        "0.99975": 0.9566929133858267,
        "0.9997750000000001": 0.9604743083003953,
        "0.9998": 0.9598393574297188,
        "0.999825": 0.9591836734693877,
        "0.99985": 0.9576271186440678,
        "0.9998750000000001": 0.9567099567099567,
        "0.9999": 0.954337899543379,
        "0.999925": 0.9504950495049505,
        "0.99995": 0.953757225433526,
        "0.9999750000000001": 0.9375
    },
    "incorrect": {
        "0.5": 0.8754448398576512,
        "0.507775": 0.875,
        "0.571175": 0.8781362007168458,
        "0.59795": 0.8812949640287769,
        "0.603475": 0.8844765342960289,
        "0.605": 0.8876811594202898,
        "0.60615": 0.8872727272727273,
        "0.612775": 0.8905109489051095,
        "0.63065": 0.8937728937728938,
        "0.6375500000000001": 0.8933823529411765,
        "0.671375": 0.8966789667896679,
        "0.714675": 0.8962962962962963,
        "0.7328749999999999": 0.895910780669145,
        "0.7731250000000001": 0.8955223880597015,
        "0.786875": 0.898876404494382,
        "0.808675": 0.8984962406015038,
        "0.8113250000000001": 0.9018867924528302,
        "0.84055": 0.9053030303030303,
        "0.860475": 0.9049429657794676,
        "0.8921": 0.9045801526717557,
        "0.8958250000000001": 0.9042145593869731,
        "0.8987750000000001": 0.9038461538461539,
        "0.9136": 0.9034749034749034,
        "0.9137500000000001": 0.9031007751937985,
        "0.91695": 0.9027237354085603,
        "0.9306000000000001": 0.90625,
        "0.9338500000000001": 0.9058823529411765,
        "0.93675": 0.9094488188976378,
        "0.9404250000000001": 0.9130434782608695,
        "0.94635": 0.9126984126984127,
        "0.9492": 0.9123505976095617,
        "0.9497": 0.916,
        "0.9535750000000001": 0.9156626506024096,
        "0.953825": 0.9153225806451613,
        "0.9544": 0.9149797570850202,
        "0.9564250000000001": 0.9146341463414634,
        "0.9623250000000001": 0.9142857142857143,
        "0.9674750000000001": 0.9139344262295082,
        "0.9691000000000001": 0.9135802469135802,
        "0.973525": 0.9132231404958677,
        "0.97495": 0.9128630705394191,
        "0.975175": 0.9125,
        "0.977075": 0.9163179916317992,
        "0.980575": 0.9159663865546218,
        "0.9806": 0.919831223628692,
        "0.9854": 0.9194915254237288,
        "0.985975": 0.9191489361702128,
        "0.98685": 0.9188034188034188,
        "0.98705": 0.9184549356223176,
        "0.987325": 0.9181034482758621,
        "0.987975": 0.9177489177489178,
        "0.9896": 0.9217391304347826,
        "0.991075": 0.9213973799126638,
        "0.9914499999999999": 0.9210526315789473,