{
    "correct": {
        "0.5": 0.8095238095238095,
        "0.503275": 0.8110091743119267,
        "0.505025": 0.8106617647058824,
        "0.511075": 0.8121546961325967,
        "0.512775": 0.8136531365313653,
        "0.5392": 0.8151571164510166,
        "0.5595": 0.8166666666666667,
        "0.5745750000000001": 0.8181818181818182,
        "0.579775": 0.8178438661710037,
        "0.586125": 0.819366852886406,
        "0.60425": 0.8190298507462687,
        "0.61815": 0.8186915887850468,
        "0.618725": 0.8183520599250936,
        "0.61975": 0.8180112570356473,
        "0.63725": 0.8195488721804511,
        "0.651675": 0.8210922787193974,
        "0.657375": 0.8226415094339623,
        "0.6584": 0.8241965973534972,
        "0.659125": 0.8257575757575758,
        "0.673325": 0.825426944971537,
        "0.673675": 0.8269961977186312,
        "0.7216": 0.8285714285714286,
        "0.72375": 0.8282442748091603,
        "0.728325": 0.8298279158699808,
        "0.742125": 0.8295019157088123,
        "0.743425": 0.8310940499040307,
        "0.752175": 0.8326923076923077,
        "0.7527250000000001": 0.8342967244701349,
        "0.75535": 0.8359073359073359,
        "0.768325": 0.8375241779497099,
        "0.779475": 0.8372093023255814,
        "0.783925": 0.8388349514563107,
        "0.7892250000000001": 0.8385214007782101,
        "0.7919499999999999": 0.8382066276803118,
        "0.809925": 0.837890625,
        "0.811725": 0.837573385518591,
        "0.82255": 0.8372549019607843,
        "0.82355": 0.8369351669941061,
        "0.83395": 0.8385826771653543,
        "0.84685": 0.8382642998027613,
        "0.8517": 0.8399209486166008,
        "0.8533": 0.8415841584158416,
        "0.855125": 0.8412698412698413,
        "0.864475": 0.8429423459244533,
        "0.86675": 0.8446215139442231,
        "0.87415": 0.846307385229541,
        "0.878425": 0.846,
        "0.8788": 0.8476953907815631,
        "0.8866499999999999": 0.8473895582329317,
        "0.8992": 0.8470824949698189,
        "0.899575": 0.8487903225806451,
        "0.9108": 0.8484848484848485,
        "0.916775": 0.8481781376518218,
        "0.917675": 0.847870182555781,
        "0.92005": 0.8475609756097561,
        "0.926375": 0.8492871690427699,
        "0.9278": 0.8489795918367347,
        "0.93325": 0.8486707566462167,
        "0.9357": 0.8504098360655737,
        "0.9375249999999999": 0.8501026694045175,
        "0.9405749999999999": 0.8497942386831275,
        "0.941525": 0.8515463917525773,
        "0.9422250000000001": 0.8512396694214877,
        "0.94225": 0.8530020703933747,
        "0.942925": 0.8526970954356846,
        "0.948575": 0.8523908523908524,
        "0.949825": 0.8520833333333333,
        "0.95415": 0.8538622129436325,
        "0.9547000000000001": 0.8556485355648535,
        "0.95895": 0.8553459119496856,
        "0.9591000000000001": 0.8550420168067226,
        "0.960925": 0.8547368421052631,
        "0.9623250000000001": 0.8544303797468354,
        "0.96355": 0.8562367864693446,
        "0.9635750000000001": 0.8559322033898306,
        "0.964025": 0.8556263269639066,
        "0.96695": 0.8553191489361702,
        "0.967225": 0.8550106609808102,
        "0.9690000000000001": 0.8568376068376068,
        "0.9695": 0.8565310492505354,
        "0.970225": 0.8583690987124464,
        "0.970575": 0.8580645161290322,
        "0.971275": 0.8577586206896551,
        "0.971725": 0.8596112311015118,
        "0.97255": 0.8614718614718615,
        "0.974": 0.8611713665943601,
        "0.974275": 0.8630434782608696,
        "0.9742999999999999": 0.8627450980392157,
        "0.974375": 0.8624454148471615,
        "0.97455": 0.862144420131291,
        "0.974875": 0.8618421052631579,
        "0.97515": 0.8637362637362638,
        "0.9758": 0.8634361233480177,
        "0.9773499999999999": 0.8653421633554084,
        "0.9773750000000001": 0.8672566371681416,
        "0.978075": 0.8691796008869179,
        "0.978325": 0.8688888888888889,
        "0.979375": 0.8685968819599109,
        "0.97985": 0.8683035714285714,
        "0.9803": 0.8680089485458613,
        "0.98035": 0.8677130044843049,
        "0.9816": 0.8696629213483146,
        "0.982125": 0.8693693693693694,
        "0.9821500000000001": 0.871331828442438,
        "0.982375": 0.8710407239819005,
        "0.9839500000000001": 0.8707482993197279,
        "0.984325": 0.8701594533029613,
        "0.98485": 0.8721461187214612,
        "0.984975": 0.8718535469107551,
        "0.98565": 0.8715596330275229,
        "0.9857": 0.8735632183908046,
        "0.9859500000000001": 0.8732718894009217,
        "0.9865": 0.8752886836027713,
        "0.9874750000000001": 0.8773148148148148,
        "0.98755": 0.8793503480278422,
        "0.988": 0.8813953488372093,
        "0.988225": 0.8811188811188811,
        "0.9882500000000001": 0.8808411214953271,
        "0.988975": 0.8805620608899297,
        "0.989125": 0.8826291079812206,
        "0.9896": 0.8847058823529412,
        "0.990325": 0.8844339622641509,
        "0.990375": 0.8841607565011821,
        "0.9904": 0.8838862559241706,
        "0.99065": 0.8836104513064132,
        "0.99125": 0.8833333333333333,
        "0.991425": 0.883054892601432,
        "0.9915": 0.882494004796163,
        "0.99155": 0.8822115384615384,
        "0.991975": 0.8819277108433735,
        "0.992": 0.8816425120772947,
        "0.992575": 0.8813559322033898,
        "0.9926": 0.8810679611650486,
        "0.993125": 0.8807785888077859,
        "0.99325": 0.8829268292682927,
        "0.99355": 0.882640586797066,
        "0.9937750000000001": 0.8823529411764706,
        "0.9940500000000001": 0.8820638820638821,
        "0.9941": 0.8817733990147784,
        "0.9944500000000001": 0.8814814814814815,
        "0.99515": 0.8811881188118812,
        "0.995175": 0.8808933002481389,
        "0.9952000000000001": 0.8805970149253731,
        "0.9953000000000001": 0.8827930174563591,
        "0.99535": 0.8847117794486216,
        "0.995375": 0.8844221105527639,
        "0.995475": 0.8841309823677582,
        "0.9957": 0.8838383838383839,
        "0.9968250000000001": 0.8835443037974684,
        "0.99685": 0.883248730964467,
        "0.9969": 0.8829516539440203,
        "0.997125": 0.8826530612244898,
        "0.99725": 0.8823529411764706,
        "0.9974000000000001": 0.8846153846153846,
        "0.997425": 0.884318766066838,
        "0.99745": 0.884020618556701,
        "0.9975": 0.8837209302325582,
        "0.997525": 0.8831168831168831,
        "0.9976750000000001": 0.8828125,
        "0.9977750000000001": 0.8825065274151436,
        "0.9978": 0.8848167539267016,
        "0.99795": 0.8871391076115486,
        "0.9979750000000001": 0.8865435356200527,
        "0.998": 0.8862433862433863,
        "0.998025": 0.8859416445623343,
        "0.998125": 0.8856382978723404,
        "0.998175": 0.8853333333333333,
        "0.998225": 0.8850267379679144,
        "0.998325": 0.8873994638069705,
        "0.9984999999999999": 0.8870967741935484,
        "0.9985250000000001": 0.8867924528301887,
        "0.998575": 0.8864864864864865,
        "0.9986": 0.8858695652173914,
        "0.9987250000000001": 0.885558583106267,
        "0.9988": 0.8852459016393442,
        "0.9988250000000001": 0.8846153846153846,
        "0.9989": 0.8867403314917127,
        "0.99895": 0.8885793871866295,
        "0.998975": 0.8904494382022472,
        "0.999": 0.8926553672316384,
        "0.99905": 0.8948863636363636,
        "0.999075": 0.8974358974358975,
        "0.999125": 0.8971428571428571,
        "0.999225": 0.8968481375358166,
        "0.99925": 0.896551724137931,
        "0.999325": 0.9011627906976745,
        "0.99935": 0.9008746355685131,
        "0.999375": 0.9,
        "0.9994000000000001": 0.8997050147492626,
        "0.999425": 0.9020771513353115,
        "0.99945": 0.9044776119402985,
        "0.999475": 0.9041916167664671,
        "0.9995": 0.9033232628398792,
        "0.999525": 0.9051987767584098,
        "0.99955": 0.9046153846153846,