{
    "correct": {
        "0.5": 0.7833333333333333,
        "0.503775": 0.7828810020876826,
        "0.52665": 0.7824267782426778,
        "0.542125": 0.7819706498951782,
        "0.546775": 0.7836134453781513,
        "0.55365": 0.7852631578947369,
        "0.558175": 0.7848101265822784,
        "0.559375": 0.7843551797040169,
        "0.579475": 0.7838983050847458,
        "0.586125": 0.7855626326963907,
        "0.58825": 0.7851063829787234,
        "0.590875": 0.7846481876332623,
        "0.5977250000000001": 0.7841880341880342,
        "0.6032": 0.7837259100642399,
        "0.61": 0.7854077253218884,
        "0.62495": 0.7849462365591398,
        "0.625": 0.7844827586206896,
        "0.627125": 0.7840172786177105,
        "0.636225": 0.7835497835497836,
        "0.646475": 0.7830802603036876,
        "0.6476500000000001": 0.7847826086956522,
        "0.6485000000000001": 0.7843137254901961,
        "0.65715": 0.7860262008733624,
        "0.667975": 0.7855579868708972,
        "0.672275": 0.7850877192982456,
        "0.6729": 0.7846153846153846,
        "0.692225": 0.7841409691629956,
        "0.7019500000000001": 0.7858719646799117,
        "0.705675": 0.7876106194690266,
        "0.7112": 0.7871396895787139,
        "0.71825": 0.7866666666666666,
        "0.7206250000000001": 0.7861915367483296,
        "0.722075": 0.7857142857142857,
        "0.727925": 0.785234899328859,
        "0.74155": 0.7869955156950673,
        "0.74965": 0.7865168539325843,
        "0.7525999999999999": 0.786036036036036,
        "0.7590250000000001": 0.7878103837471784,
        "0.7724500000000001": 0.7873303167420814,
        "0.7776000000000001": 0.7891156462585034,
        "0.77885": 0.7909090909090909,
        "0.781525": 0.7927107061503417,
        "0.78295": 0.7922374429223744,
        "0.79315": 0.7940503432494279,
        "0.80655": 0.7958715596330275,
        "0.810125": 0.7977011494252874,
        "0.8190999999999999": 0.7972350230414746,
        "0.821825": 0.7967667436489607,
        "0.825275": 0.7986111111111112,
        "0.8257": 0.7981438515081206,
        "0.8284750000000001": 0.7976744186046512,
        "0.8287249999999999": 0.7972027972027972,
        "0.832775": 0.7990654205607477,
        "0.838525": 0.8009367681498829,
        "0.8394250000000001": 0.8004694835680751,
        "0.839575": 0.8,
        "0.8397": 0.7995283018867925,
        "0.850325": 0.7990543735224587,
        "0.85085": 0.8009478672985783,
        "0.85665": 0.8004750593824228,
        "0.859925": 0.8023809523809524,
        "0.863475": 0.8042959427207638,
        "0.865775": 0.8038277511961722,
        "0.868825": 0.8057553956834532,
        "0.8690500000000001": 0.8052884615384616,
        "0.874425": 0.8072289156626506,
        "0.889675": 0.8067632850241546,
        "0.892925": 0.8087167070217918,
        "0.896475": 0.808252427184466,
        "0.9002": 0.8102189781021898,
        "0.902075": 0.8121951219512196,
        "0.90985": 0.8117359413202934,
        "0.912525": 0.8112745098039216,
        "0.913525": 0.8132678132678133,
        "0.9143": 0.812807881773399,
        "0.91815": 0.8123456790123457,
        "0.920825": 0.8118811881188119,
        "0.923325": 0.8114143920595533,
        "0.9240250000000001": 0.8134328358208955,
        "0.92735": 0.8154613466334164,
        "0.9276": 0.815,
        "0.9288000000000001": 0.8170426065162907,
        "0.93285": 0.8165829145728644,
        "0.9333750000000001": 0.8161209068010076,
        "0.9334": 0.8156565656565656,
        "0.937875": 0.8151898734177215,
        "0.94035": 0.8147208121827412,
        "0.94115": 0.816793893129771,
        "0.94135": 0.8163265306122449,
        "0.9438500000000001": 0.8158567774936062,
        "0.949125": 0.8179487179487179,
        "0.9492750000000001": 0.8200514138817481,
        "0.94955": 0.8221649484536082,
        "0.952875": 0.8217054263565892,
        "0.9541": 0.8238341968911918,
        "0.95645": 0.8233766233766234,
        "0.95865": 0.8255208333333334,
        "0.960075": 0.825065274151436,
        "0.9617249999999999": 0.824607329842932,
        "0.9617500000000001": 0.8241469816272966,
        "0.961825": 0.8263157894736842,
        "0.963875": 0.8258575197889182,
        "0.9655": 0.828042328042328,
        "0.9667250000000001": 0.8275862068965517,
        "0.9673": 0.8297872340425532,
        "0.9675750000000001": 0.8293333333333334,
        "0.96875": 0.8315508021390374,
        "0.9689000000000001": 0.8310991957104558,
        "0.96935": 0.8306451612903226,
        "0.96945": 0.8328840970350404,
        "0.9701500000000001": 0.8324324324324325,
        "0.9724": 0.8319783197831978,
        "0.974825": 0.8315217391304348,
        "0.9754": 0.8337874659400545,
        "0.97555": 0.8333333333333334,
        "0.9755750000000001": 0.8328767123287671,
        "0.9775750000000001": 0.8324175824175825,
        "0.978925": 0.8319559228650137,
        "0.97955": 0.8314917127071824,
        "0.9803": 0.8310249307479224,
        "0.9806250000000001": 0.8305555555555556,
        "0.9809000000000001": 0.8328690807799443,
        "0.980925": 0.8324022346368715,
        "0.9810000000000001": 0.834733893557423,
        "0.9819": 0.8342696629213483,
        "0.9827250000000001": 0.8366197183098592,
        "0.98375": 0.8361581920903954,
        "0.984475": 0.8356940509915014,
        "0.984775": 0.8352272727272727,
        "0.98645": 0.8347578347578347,
        "0.9876750000000001": 0.8371428571428572,
        "0.98785": 0.839541547277937,
        "0.9878750000000001": 0.8419540229885057,
        "0.98855": 0.8414985590778098,
        "0.988575": 0.8410404624277457,
        "0.9886": 0.8405797101449275,
        "0.9887": 0.8401162790697675,
        "0.9888250000000001": 0.8396501457725948,
        "0.989275": 0.8391812865497076,
        "0.9894750000000001": 0.8387096774193549,
        "0.989525": 0.8411764705882353,
        "0.9896750000000001": 0.8431952662721893,
        "0.989725": 0.8427299703264095,
        "0.9903500000000001": 0.8422619047619048,
        "0.99065": 0.8417910447761194,
        "0.99115": 0.8413173652694611,
        "0.9915750000000001": 0.8438438438438438,
        "0.992125": 0.8463855421686747,
        "0.992275": 0.8459214501510574,
        "0.992475": 0.8484848484848485,
        "0.9926250000000001": 0.8480243161094225,
        "0.9928": 0.8475609756097561,
        "0.9929749999999999": 0.8470948012232415,
        "0.9931000000000001": 0.8496932515337423,
        "0.993475": 0.8523076923076923,
        "0.9936": 0.8518518518518519,
        "0.993625": 0.8513931888544891,
        "0.99375": 0.8509316770186336,
        "0.993925": 0.8535825545171339,
        "0.9942500000000001": 0.853125,
        "0.994425": 0.8526645768025078,
        "0.9948": 0.8522012578616353,
        "0.995475": 0.8517350157728707,
        "0.9955750000000001": 0.8512658227848101,
        "0.996": 0.8507936507936508,
        "0.9960500000000001": 0.8503184713375797,
        "0.996075": 0.8525641025641025,
        "0.9966250000000001": 0.8548387096774194,
        "0.9967250000000001": 0.8543689320388349,
        "0.99715": 0.8538961038961039,
        "0.997175": 0.8566775244299675,
        "0.99735": 0.8562091503267973,
        "0.997375": 0.8590163934426229,
        "0.9974000000000001": 0.8618421052631579,
        "0.9975": 0.8609271523178808,
        "0.99755": 0.8604651162790697,
        "0.9975750000000001": 0.8633333333333333,
        "0.9977": 0.862876254180602,
        "0.9978": 0.8619528619528619,
        "0.99785": 0.8614864864864865,
        "0.997925": 0.8610169491525423,
        "0.9979750000000001": 0.8605442176870748,
        "0.998": 0.8600682593856656,
        "0.9981": 0.8591065292096219,
        "0.998225": 0.8620689655172413,
        "0.998325": 0.8615916955017301,
        "0.9984": 0.8645833333333334,
        "0.998425": 0.8641114982578397,
        "0.998475": 0.8626760563380281,
        "0.9985250000000001": 0.8617021276595744,
        "0.9986": 0.8612099644128114,