{
    "correct": {
        "0.5": 0.8260211800302572,
        "0.514225": 0.8272727272727273,
        "0.54": 0.8285280728376327,
        "0.551825": 0.8282674772036475,
        "0.5554": 0.8295281582952816,
        "0.56995": 0.8292682926829268,
        "0.577375": 0.8290076335877863,
        "0.5886": 0.8302752293577982,
        "0.593125": 0.8315467075038285,
        "0.5963": 0.8312883435582822,
        "0.601825": 0.8325652841781874,
        "0.626775": 0.8338461538461538,
        "0.6439": 0.8335901386748844,
        "0.6454": 0.8333333333333334,
        "0.646875": 0.8330757341576507,
        "0.6478": 0.8343653250773994,
        "0.647925": 0.8356589147286821,
        "0.6515500000000001": 0.8369565217391305,
        "0.663375": 0.8367029548989113,
        "0.6641250000000001": 0.8364485981308412,
        "0.6735": 0.8361934477379095,
        "0.6749": 0.8359375,
        "0.683425": 0.837245696400626,
        "0.6925250000000001": 0.8385579937304075,
        "0.7121": 0.8383045525902669,
        "0.713825": 0.8380503144654088,
        "0.7174": 0.8377952755905512,
        "0.721275": 0.8375394321766562,
        "0.7274": 0.8372827804107424,
        "0.7468": 0.8386075949367089,
        "0.7475": 0.838351822503962,
        "0.75255": 0.8396825396825397,
        "0.7581249999999999": 0.8394276629570747,
        "0.762475": 0.839171974522293,
        "0.7670250000000001": 0.8405103668261563,
        "0.775325": 0.84185303514377,
        "0.785525": 0.8416,
        "0.7891": 0.8413461538461539,
        "0.7904": 0.841091492776886,
        "0.79405": 0.842443729903537,
        "0.7977000000000001": 0.8421900161030595,
        "0.797875": 0.8435483870967742,
        "0.8008500000000001": 0.8449111470113085,
        "0.8253": 0.8446601941747572,
        "0.826225": 0.8444084278768234,
        "0.828925": 0.8441558441558441,
        "0.834875": 0.8455284552845529,
        "0.848925": 0.8469055374592834,
        "0.852325": 0.8482871125611745,
        "0.8713": 0.8480392156862745,
        "0.875975": 0.8494271685761048,
        "0.8767750000000001": 0.8491803278688524,
        "0.88095": 0.8489326765188834,
        "0.884525": 0.8486842105263158,
        "0.89405": 0.8500823723228995,
        "0.896725": 0.8498349834983498,
        "0.902625": 0.8495867768595041,
        "0.9065000000000001": 0.8509933774834437,
        "0.9121250000000001": 0.8507462686567164,
        "0.915125": 0.8521594684385382,
        "0.9165000000000001": 0.8519134775374376,
        "0.916625": 0.8516666666666667,
        "0.92075": 0.8514190317195326,
        "0.9227000000000001": 0.8528428093645485,
        "0.92515": 0.8542713567839196,
        "0.934275": 0.8540268456375839,
        "0.9345": 0.8554621848739495,
        "0.938575": 0.8552188552188552,
        "0.9389000000000001": 0.8549747048903878,
        "0.941325": 0.856418918918919,
        "0.94345": 0.856175972927242,
        "0.945125": 0.8576271186440678,
        "0.94895": 0.8590831918505942,
        "0.9493750000000001": 0.8605442176870748,
        "0.95145": 0.8620102214650767,
        "0.953925": 0.8617747440273038,
        "0.9544250000000001": 0.8615384615384616,
        "0.95485": 0.8613013698630136,
        "0.95545": 0.8627787307032591,
        "0.9566749999999999": 0.8642611683848798,
        "0.95755": 0.8640275387263339,
        "0.957775": 0.8655172413793103,
        "0.9581": 0.8652849740932642,
        "0.959075": 0.8667820069204152,
        "0.961325": 0.8665511265164645,
        "0.9618": 0.8680555555555556,
        "0.9618500000000001": 0.8678260869565217,
        "0.969875": 0.8693379790940766,
        "0.97135": 0.8708551483420593,
        "0.972175": 0.8706293706293706,
        "0.9736750000000001": 0.87215411558669,
        "0.9747": 0.8736842105263158,
        "0.975925": 0.875219683655536,
        "0.978275": 0.875,
        "0.9789000000000001": 0.8747795414462081,
        "0.980025": 0.8763250883392226,
        "0.9804250000000001": 0.8761061946902655,
        "0.980775": 0.8776595744680851,
        "0.98085": 0.8792184724689165,
        "0.981175": 0.8790035587188612,
        "0.9817750000000001": 0.8805704099821747,
        "0.9822500000000001": 0.8803571428571428,
        "0.98265": 0.8801431127012522,
        "0.9828749999999999": 0.8799283154121864,
        "0.983325": 0.8797127468581688,
        "0.9839500000000001": 0.8794964028776978,
        "0.9855": 0.8792792792792793,
        "0.987125": 0.8808664259927798,
        "0.98715": 0.8806509945750453,
        "0.987975": 0.8804347826086957,
        "0.9887": 0.8820326678765881,
        "0.988925": 0.8836363636363637,
        "0.98905": 0.8834244080145719,
        "0.990275": 0.885036496350365,
        "0.9908": 0.886654478976234,
        "0.991225": 0.8864468864468864,
        "0.9913000000000001": 0.8862385321100917,
        "0.9915750000000001": 0.8860294117647058,
        "0.9916": 0.8876611418047882,
        "0.9917": 0.8874538745387454,
        "0.9921500000000001": 0.88909426987061,
        "0.9923": 0.8886827458256029,
        "0.992475": 0.8884758364312267,
        "0.9926": 0.8917910447761194,
        "0.993725": 0.891588785046729,
        "0.9938": 0.8932584269662921,
        "0.994": 0.8930581613508443,
        "0.9941500000000001": 0.8947368421052632,
        "0.99465": 0.8945386064030132,
        "0.994675": 0.8943396226415095,
        "0.9947": 0.8941398865784499,
        "0.99475": 0.8939393939393939,
        "0.9948": 0.8937381404174574,
        "0.99485": 0.8935361216730038,
        "0.9949749999999999": 0.8933333333333333,
        "0.995025": 0.8950381679389313,
        "0.99515": 0.8948374760994264,
        "0.995275": 0.8946360153256705,
        "0.995375": 0.8944337811900192,
        "0.9954000000000001": 0.8942307692307693,
        "0.99565": 0.8959537572254336,
        "0.9958750000000001": 0.8957528957528957,
        "0.9959": 0.8955512572533849,
        "0.995975": 0.8972868217054264,
        "0.9961500000000001": 0.8970873786407767,
        "0.9962500000000001": 0.896887159533074,
        "0.9964500000000001": 0.8962818003913894,
        "0.996475": 0.8980392156862745,
        "0.9965250000000001": 0.8978388998035364,
        "0.9966": 0.8976377952755905,
        "0.996675": 0.8974358974358975,
        "0.99685": 0.8972332015810277,
        "0.997075": 0.897029702970297,
        "0.997125": 0.8986083499005965,
        "0.99735": 0.898406374501992,
        "0.99755": 0.8982035928143712,
        "0.99765": 0.898,
        "0.9977": 0.8977955911823647,
        "0.9977750000000001": 0.8975903614457831,
        "0.9978": 0.8971774193548387,
        "0.9978750000000001": 0.898989898989899,
        "0.9979750000000001": 0.8987854251012146,
        "0.998": 0.8985801217038539,
        "0.998025": 0.8983739837398373,
        "0.998075": 0.8981670061099797,
        "0.9982500000000001": 0.8979591836734694,
        "0.998325": 0.8997955010224948,
        "0.9984": 0.8995901639344263,
        "0.9985250000000001": 0.8993839835728953,
        "0.998575": 0.8989690721649485,
        "0.9986": 0.8985507246376812,
        "0.9986250000000001": 0.9002079002079002,
        "0.99865": 0.9020833333333333,
        "0.9987250000000001": 0.9035639412997903,
        "0.99875": 0.9033613445378151,
        "0.9988250000000001": 0.9031578947368422,
        "0.99885": 0.902542372881356,
        "0.998875": 0.9023354564755839,
        "0.9989": 0.902127659574468,
        "0.9989250000000001": 0.9019189765458422,
        "0.99895": 0.9017094017094017,
        "0.998975": 0.9014989293361885,
        "0.999": 0.9034334763948498,
        "0.999025": 0.9053763440860215,
        "0.99905": 0.9051724137931034,
        "0.999075": 0.9047619047619048,
        "0.9991000000000001": 0.908695652173913,
        "0.99915": 0.9100877192982456,
        "0.999175": 0.9098901098901099,
        "0.999225": 0.9096916299559471,
        "0.99925": 0.9111111111111111,
        "0.999275": 0.9129464285714286,
        "0.999325": 0.9146067415730337,